Title,Market Cap,Fully Diluted Valuation,24 Hour Trading Vol,Circulating Supply,Total Supply,Max Supply
Moonwell,"$233,093,973","$394,086,497","$13,085,721","2,957,396,092","5,000,000,000","5,000,000,000"
Sonic Labs,"$2,075,977,504","$2,350,958,296","$329,256,147","2,803,634,836","3,175,000,000","3,175,000,000"
Ronin,"$548,919,770","$1,526,723,212","$27,645,196","359,541,118","1,000,000,000","1,000,000,000"
Lido,"$1,138,890,453","$1,271,475,363","$213,671,959","895,723,571","1,000,000,000","1,000,000,000"
LayerZero,"$412,058,410","$3,707,132,962","$151,566,696","111,152,854","1,000,000,000","1,000,000,000"
Surge
Flappy Bird
Trendies
Buz
superstring
Aerodrome,"$1,016,220,500","$2,021,238,743","$66,069,018","680,975,535","1,354,444,370",∞
Shardeum
Base
Shuffle.com
ENS,"$618,288,945","$1,864,248,569","$272,933,044","33,165,585","100,000,000","100,000,000"
Curve,"$331,356,072","$595,893,728","$120,493,465","1,217,860,260","2,190,137,291","3,303,030,299"
The Open Network,"$13,331,019,377","$26,789,369,028","$572,256,166","2,545,293,538","5,114,898,264",∞
AAVE,"$2,912,351,046","$3,111,550,698","$493,263,228","14,975,689","16,000,000","16,000,000"
Rarible,"$23,038,333","$49,742,190","$2,992,057","11,578,870","25,000,000","25,000,000"
Pichi Finance
Karate Combat
Uniswap,"$5,398,599,305","$8,991,295,570","$416,193,463","600,425,074","1,000,000,000","1,000,000,000"
io.net
Rodeo
Any Inu
Lyvely
Anthropic
Foundation
Bitcoin,"$1,508,785,907,500","$1,601,843,235,890","$30,032,405,900","19,780,028","21,000,000","21,000,000"
HEX
Soneium
SOLANA,"$93,801,595,270","$116,955,438,739","$3,980,743,355","471,661,351","588,085,523",∞
Arweave,"$1,196,087,566","$1,196,087,566","$144,111,218","65,454,186","65,454,186","66,000,000"
ink
Axie Infinity,"$785,879,096","$1,385,851,144","$60,748,405","153,109,774","270,000,000","270,000,000"
Orderly Network,"$36,555,728","$182,409,765","$64,751,827","200,404,444","1,000,000,000","1,000,000,000"
Unichain
Spice AI
Illuvium,"$215,534,291","$341,214,986","$36,359,612","6,063,863","9,599,776",∞
Mina,"$659,167,457","$668,642,663","$76,381,781","1,179,800,876","1,196,759,930",∞
QuickSwap,"$29,445,573","$39,708,596","$9,114","741,542","1,000,000","1,000,000"
1inch Network,"$347,088,100","$407,254,292","$57,243,992","1,278,395,732","1,500,000,000","1,500,000,000"
Optimism,"$2,009,622,448","$6,877,113,877","$501,279,295","1,255,070,491","4,294,967,296","4,294,967,296"
Polkadot,"$6,429,404,401","$6,791,919,683","$280,697,991","1,435,676,610","1,516,625,744",∞
StellaSwap,"$2,807,185","$2,807,185","$23,990","50,658,276","50,658,276","500,000,000"
NEAR Protocol,"$5,548,210,462","$5,555,064,442","$431,363,377","1,217,906,155","1,219,410,695",∞
Paragraph
0xPPL
Ethereum,"$370,836,398,671","$370,836,398,671","$27,823,772,951","120,421,344","120,421,344",∞
Bitlayer
Polygon,"$2,915,228,434","$3,895,866,422","$186,516,517","7,702,379,083","10,293,340,888",∞
SuiPad
Evmos
Moonbeam,"$161,743,742","$202,164,652","$35,298,013","916,102,113","1,145,042,543",∞
The Graph,"$1,593,892,926","$1,800,792,484","$97,722,492","9,548,531,509","10,788,004,319","10,788,004,319"
Arbitrum,"$2,380,226,123","$5,987,374,096","$490,003,156","3,975,409,060","10,000,000,000","10,000,000,000"
Polkadex,"$742,330","$742,330","$113,774","7,460,000","7,460,000","20,000,000"
DFINITY,"$3,941,428,821","$4,366,382,878","$197,577,208","473,954,391","525,054,855",∞
SoulSwap,"$105,633","$105,633",$56,"182,666,088","182,666,088","250,000,000"
Solarflare
Scroll Tech,"$144,332,708","$759,645,832","$159,317,627","190,000,000","1,000,000,000","1,000,000,000"
Celo,"$363,825,003","$656,921,389","$51,203,330","553,833,395","1,000,000,000","1,000,000,000"
Boundless
Nest Layer
Particle Network
BounceBit,"$125,943,975","$645,866,536","$32,607,494","409,500,000","2,100,000,000","2,100,000,000"
Manta Network,"$288,471,082","$752,287,049","$59,936,873","383,458,790","1,000,000,000","1,000,000,000"
Mantle,"$2,710,964,491","$5,007,763,492","$340,206,232","3,366,841,708","6,219,316,795","6,219,316,795"
Composable Finance
Filecoin,"$2,345,333,768","$7,691,449,046","$221,782,976","597,621,679","1,959,881,683","1,959,881,683"
Octopus Network,"$10,868,435","$11,409,774","$122,962","95,255,474","100,000,000","100,000,000"
Phala Network,"$83,248,397","$109,182,052","$10,554,319","762,473,272","1,000,000,000","1,000,000,000"
CLV,"$29,555,674","$29,555,674","$5,698,379","1,000,000,000","1,000,000,000",∞
tomb.finance,"$2,196,251","$2,196,251","$10,353","309,173,258","309,173,258",∞
PowerPool
DODO
Reaper Farm
Alaya
MixMarvel
DODOchain
Camp Network
BitDAO
Lif3,"$29,293,531","$99,541,382","$2,631","2,615,866,293","8,888,888,888","8,888,888,888"
HARMONY,"$166,918,601","$178,456,932","$11,369,499","12,305,426,115","13,156,044,840","13,156,044,840"
PlatON,"$49,714,118","$84,422,836","$6,785,317","6,035,922,688","10,250,000,000",∞
Cedro Finance
SUPRA
AgentLayer,"$6,079,343","$30,211,279","$2,768,399","201,227,607","1,000,000,000","1,000,000,000"
Talent Protocol
Arcium
Grass,"$743,907,450","$3,049,987,383","$415,848,530","243,905,091","1,000,000,000","1,000,000,000"
Caldera
Hyperliquid
Corn
Lumia
Omo Protocol
Silencio
Oxalis Games
Bitjoy
Crown Finance
Gensyn
Nomos
Escher.Finance
PicWe
Lunch Protocol
Pumpkin
Versatus
GAIMIN
XSTAR
Movewiffrens
CLOBX
OmniBTC
Noble
Jugemu.ai
MAP Protocol
Pharos
Hydration
Hyperbridge
TowneSquare
Zeru Finance
MilkyWay
Magpie Protocol
Movemania
CoScription
Wild Forest
PumpBTC
Lumiterra
Pixel Heroes Adventure
Parallel Network
Unique Network,"$1,556,542","$5,581,646","$53,338","290,574,105","1,041,977,890",∞
dappad
EMC
LYNC
Stride
Stream Finance
Overlay
Ethena Labs,"$1,600,809,059","$8,448,470,022","$506,967,435","2,842,187,500","15,000,000,000",∞
Play AI
PLAYSIDE
SecurFi
StakeStone
Rooch
Flex Protocol
Pyth,"$1,518,247,885","$4,188,282,984","$166,743,028","3,624,988,786","10,000,000,000","10,000,000,000"
Zeno Lend
ApeChain
Fluswap
Coral Finance
ZOTH
Covalent,"$2,987,091","$3,488,876","$23,427","856,175,826","1,000,000,000","1,000,000,000"
Pontem Network
Pangea
Razor DEX
OKC,"$130,006,298","$130,006,298","$620,428","17,847,260","17,847,260","21,000,000"
RouteX
Raga Finance
Zaros
Predicto!
Parley Labs
SyncroB.it
Starpower
BLOCKJOY
Helium,"$36,240,195","$227,034,915","$50,368","31,924,776,977","200,000,000,000",∞
Helium Mobile
Nova Labs
SkyX
Omrulancer
Darwinia
Bifrost,"$7,342,532","$15,376,959","$741,891","38,200,179","80,000,000","80,000,000"
CometBFT
Rivus DAO
Tao yield
TaoPad
Tao Black
Bittensor,"$3,704,412,876","$10,539,551,278","$198,662,627","7,381,023","21,000,000","21,000,000"
TAOevm
Bettensor
bitsecai
OpenGradient
Next.ID
Mask Network,"$275,970,186","$275,970,186","$161,945,833","100,000,000","100,000,000","100,000,000"
Genius
Legion
Zeitgeist,"$658,545","$1,429,733","$1,634","51,248,159","111,262,137","111,262,137"
Plume Network
Pixels,"$141,804,911","$919,567,108","$78,604,505","771,041,667","5,000,000,000","5,000,000,000"
Cytonic
Pond
Uomi Network
Magic Newton
Vertical AI
DeSyn Protocol
AltLayer,"$260,057,098","$1,125,585,274","$59,271,846","2,310,416,665","10,000,000,000","10,000,000,000"
WarpGate
Leverage Finance
Automata Network,"$47,654,164","$88,592,820","$2,211,753","537,900,979","1,000,000,000","1,000,000,000"
Fashion League
EOS,"$720,722,893","$997,779,850","$77,409,629","1,516,885,789","2,100,000,000","2,100,000,000"
Berachain
DBK Chain
LEXER Markets
LiquidSwap
Lucia Protocol
BRKT
MONSTOS
Seekers Alliance
Curvance
Hemera
Abel Finance
EnsoFi
Zora
Soave
A-WORLD
Jito Labs,"$401,447,029","$3,119,361,853","$211,915,611","128,695,242","1,000,000,000",∞
Betski
Superposition Finance
MovePosition
Shogun
Sign
Thunderhead
Staked MOVE
Infinite Seas
Henry
Ispolink
MultichainZ
Up Network
IDOswap
LayerBank
AVITUS
Ultiverse
Echelon
hypervative
Chainsight
CowSwap,"$124,592,349","$462,501,297","$119,532,461","269,388,108","1,000,000,000","1,000,000,000"
Prosper,"$22,761,432","$64,814,274","$33,856,380","35,117,930","100,000,000","100,000,000"
Beefy Finance,"$24,468,193","$24,468,193","$488,112","80,000","80,000","80,000"
nexio
Furi Fighters
MetaMeadow Boomtown
Intrant Inferis
Cryptara Conquest
Interest Protocol
Union
Stable Jack
DeAgentAI
Kana Labs
Owlto Finance
Moonriver,"$106,285,941","$133,633,674","$90,968,924","9,230,854","11,605,984",∞
Acala,"$68,144,236","$68,817,451","$5,250,476","1,138,749,994","1,149,999,994","1,600,000,000"
Sei,"$1,767,751,660","$4,383,157,227","$239,254,013","4,033,055,555","10,000,000,000",∞
Blum
PRISM
Worthy
Aptos,"$5,252,078,149","$11,368,154,284","$379,417,361","519,818,325","1,125,149,846",∞
Sui,"$7,459,693,130","$26,213,445,687","$1,579,707,827","2,845,750,696","10,000,000,000","10,000,000,000"
Seedify,"$92,826,142","$146,138,287","$3,013,365","63,519,386","100,000,000",∞
ZKcandy
Kroma,"$2,721,578","$26,400,281","$452,101","90,308,747","876,027,173","1,000,000,000"
XProtocol
vlayer
Iron Fish,"$20,859,144","$24,000,418","$144,407","50,547,609","58,159,805",∞
Phi
AvaCloud
ZKVerse
AmplifyWorld
Socean,"$54,050,053","$165,546,864","$5,538,834","218,184","668,264","668,264"
Sanctum
Fragmetric
Celestia,"$2,204,718,867","$5,812,370,728","$236,635,298","410,468,197","1,082,130,411",∞
DIA Data,"$104,149,101","$146,914,581","$19,641,085","119,676,104","168,817,248","200,000,000"
Fuse,"$8,799,889","$11,101,975","$1,249,046","299,160,789","377,422,436",∞
Hima
Destiny Of Gods
Linea
TAIKO,"$128,456,602","$1,574,944,392","$16,221,294","81,562,627","1,000,000,000","1,000,000,000"
Connext Bridge
Everclear,"$12,722,279","$119,075,965","$1,026,904","106,841,704","1,000,000,000",∞
Astar Network,"$435,214,855","$486,845,119","$36,537,499","7,398,781,757","8,276,511,580",∞
BEAMSWAP,"$686,596","$1,025,684","$8,190","1,861,794,782","2,781,276,871","3,000,000,000"
Aurora,"$75,468,017","$139,117,073","$1,046,413","542,424,225","999,900,004","1,000,000,000"
trisolaris,"$328,250","$514,027","$6,445","291,481,171","456,448,843","500,000,000"
VeChain
River
OpenOrigins
NIM Network
Atlas
PARAVOX
Paint Swap,"$13,147,821","$13,656,311","$45,523","393,587,035","408,808,965","450,000,000"
Huma Finance
Glow
Phoenix
Equalizer
Osmosis,"$312,823,361","$450,515,212","$10,304,979","692,868,294","997,840,140","1,000,000,000"
Jupiter,"$1,628,440,866","$12,062,524,936","$546,698,218","1,350,000,000","10,000,000,000","10,000,000,000"
Nerite
Alliance Games
Monero,"$3,006,915,319","$3,006,915,319","$94,464,029","18,446,744","18,446,744",∞
Anzen Protocol
Magma
Nitro Labs
Termina
KRNL
Sapien
Libraro
Avalanche,"$11,949,518,834","$13,123,147,643","$507,078,730","407,298,655","447,301,725","720,000,000"
Trader Joe,"$132,902,469","$178,538,355","$14,359,186","371,979,519","499,709,386","500,000,000"
SpookySwap,"$13,435,000","$18,516,131","$118,335","9,915,805","13,665,973","13,666,000"
TaikoSwap
PancakeSwap,"$548,858,618","$749,802,469","$141,538,176","283,640,080","387,484,181","450,000,000"
BTC-fi
Fabric
Hypersub
DuckCoop
Dusk,"$89,725,849","$96,066,220","$10,744,715","466,999,999","500,000,000","1,000,000,000"
Sushi,"$144,879,869","$209,118,808","$65,288,953","192,789,256","278,270,954",∞
Alchemy Chain
PayPal USD
Virtuals Protocol,"$342,350,803","$342,350,803","$14,892,488","1,000,000,000","1,000,000,000","1,000,000,000"
SPARK
CAP
SEDA,"$12,014,884","$44,743,457","$5,635","268,528,277","1,000,000,000","1,000,000,000"
Streamflow
Gelato,"$47,400,415","$92,004,403","$153,225","216,738,328","420,690,000","420,690,000"
bitSmiley
unRoll
Pulse
UniLive
Pluto
bluesky
Hana Network
Moonwalk Fitness
LayerEdge
BlueMove,"$21,216,486","$36,164,465","$182,128","176,000,000","300,000,000","300,000,000"
BulbaSwap
Craftt
PARTY ICONS
Variational
Fluid Protocol
Seer
Ulys
GIG
AIVX
QFnetwork
InfinityVM
Warlock
Azura
OneBalance
Aura,"$15,850,909","$24,323,052","$17,520","49,648,037","76,184,387","100,000,000"
Phoenix Labs
Seamoon Protocol
Ape Pro
Port3
Ordzaar
Echo Protocol
Kinesis Network
ZEROBASE
Canyon Network
panther
Plasma
PANTHER PROTOCOL
Sommelier
iqlusion
Skip Protocol
Predict Hub
ASTROFOLIO
Liquidium
Zest Protocol
.locker
Granite Protocol
Trust Machines
StackingDAO
Velar
Maple,"$237,744,062","$303,460,994","$8,077,117","7,834,419","10,000,000",∞
Arch Network
Mento
Knots
Lombard
The Arena
Opacity Network
Blockcast
Pell Network
INTMAX
Vue Protocol
Bracket
Towns
Azra Games
Flappy Moonbird
Puffer Finance,"$41,924,704","$409,821,155","$159,895,117","102,300,000","1,000,000,000","1,000,000,000"
Moonveil
World of Dypians
SONUS
Infinitar
Relend Network
Hibachi
Sleepagotchi
XYRO
TAC
Fission
Eclipse
dYdX,"$538,487,949","$538,487,949","$95,831,675","453,417,119","453,417,119","1,000,000,000"
AiGO Network
PinGo
Tokenyze
Yala
MeWe
UXUY Protocol
PiP World
delta
Apex Fusion
Dragonz Land
Celer Network,"$73,330,971","$129,893,820","$10,507,508","5,645,454,936","10,000,000,000","10,000,000,000"
Nillion
BOTANIKA
HomeDAO
Kiva AI
Semantic Layer
Kaia,"$732,283,551","$732,283,575","$23,124,246","5,856,641,747","5,856,641,936",∞
Lair Finance
BISON SWAP
BeraSwap
EtherWorld
WhiteRock
Updraft
Sappy
PPKING
zkPoker
SignPass
Credit Coop
BGT Market
ARYZE
Society AI
Airlinez
Mazen Finance
SUDO
APRO Oracle
Moonray
coal
Grin,"$5,036,236","$5,036,236","$10,180","183,055,560","183,055,560",∞
Synnax Technologies
LAYER
Quant Network,"$916,744,641","$921,050,770","$23,165,814","14,544,176","14,612,493","14,612,493"
Function
Brink
Monea
BiohackerDAO
TON Memelandia
Swaye
Athena Ins
IXO Protocol
Based Bario
OP_NET
Creator
Solder AI
Prohibition
Coral
RoOLZ
Nodepay
Karak
daos.fun
kai
Ethereal
EigenLayer,"$620,647,059","$5,622,896,749","$179,996,040","186,582,000","1,690,383,135",∞
‌‌SecondLive
HKDR
Mind Network
Teleport
Mawari
XION
GUNZ
Squishiverse
untitled
AminoChain
Movement Labs
Meridian
Drosera
FOIL
Hourglass
INFINEX
Top Trader
Rush
Gateway Protocol
Arbiter
Alison
Midl
EarthFast
Meridian
Neo,"$743,777,254","$1,054,554,450","$25,870,053","70,530,000","100,000,000",∞
MetaCene
Smolbound
ReadyAI
Afterparty
Fhera
PrismaX
bullet
Fill City
Yieldfusion
Elmnts
Mountain Protocol
Angle
PERENA
ToFinance
Volt
SuperSonic
Degn.com
Coke
GraFun
DexWin
Artela
Blend
Monday Exchange
Gladiapet
insiDeX
DIMO
Forge
ThunderCore,"$36,510,983","$36,510,983","$742,393","11,374,081,835","11,374,081,835",∞
Bool Network
PORTAL
Hemi Network
VELO,"$92,391,940","$300,034,739","$20,629,419","7,390,475,595","23,999,922,643",∞
Prism
Filament
vana
ChainOpera AI
REKTECH
Magicblock
Alphastarter
LogX,"$5,461,599","$42,012,299","$4,702,763","130,000,000","1,000,000,000","1,000,000,000"
Yellow
deBridge,"$57,934,059","$321,855,844","$33,029,262","1,800,000,000","9,999,998,701","10,000,000,000"
USDC,"$37,067,256,177","$37,068,271,637","$4,386,118,287","37,053,262,726","37,054,277,802",∞
Fermah
AZTEC
RISE Chain
Pipe Network
Kresko
Kopio
Baby Doge,"$412,155,436","$1,072,020,174","$42,347,416","161,475,770,232,931,680","420,000,000,000,000,000","420,000,000,000,000,000"
Turbo,"$637,450,999","$637,450,999","$201,292,248","69,000,000,000","69,000,000,000","69,000,000,000"
Neiro,"$1,085,190,285","$1,085,190,285","$692,200,983","420,690,000,000","420,690,000,000","420,690,000,000"
LiveArtX
Open Forest Protocol
Turtle.Club
Babylon
Derive,"$438,723","$703,496",$254,"623,632,817","1,000,000,000","1,000,000,000"
Titan
CATIZEN
Project Zero
Fuse Energy
Gradient Network
Eigenpie
Zircuit
Universal Health Token
Hamster Kombat,"$303,478,613","$471,423,089","$1,007,804,629","64,375,000,000","100,000,000,000","100,000,000,000"
Magic Eden
INFINIT
OpenEden
Open Dollar,"$59,960","$5,062,733",$12,"118,435","10,000,000",∞
wingbits
Carrot
Titan Network
Polaris
CUDIS
IOWN
Sidekick
Solidly
Tierra
Metrom
CASTILE
Ammalgam
Legends of Venari
Moku
Syrupal Protocol
DOT
Sekai
zkSpin
Term Labs
Suave
Kuzco
MeshMap
LuckyPaw
Spacecoin
SlashFi
pod network
MYRIAD
GOEMON
Millicent
Fortytwo
Vibes
t1 Protocol
Matcha
Helix
Hats Finance
Frax,"$185,789,905","$218,839,505","$22,758,809","84,627,388","99,681,496","99,681,496"
PIN AI
Zero Computing
Specular
Zada Finance
Blocksense Network
Cork Protocol
TONX
Pentagon Games
Mishti Network
Andrena
DAWN
Raad Labs
Native
Questflow
Kor Protocol
BaseLayer
Loot Markets
Multiple Network
FomoFactory
Unreal Crypto
etherfuse
AssetifyHub
BalloonDogs
Net Zero Company
NITI
TrueZK
Web3Privacy Now
MIZU
Toyow
Utopia
Turbo Protocol
Monadata.ai
SPIN.FASHION
Hyperdrive
O.LAB
TMRW
Stork
AlphaOrBeta
ATT
Kannon
Crypto Hunter World
Hyve DA
Enclave
onocoy
blockavatars
BLABLA
Dropnest
Balance
IVX
Trado
Paladin
BERA-TEC
Ooga Booga
ArcadeFi
ecodao
jokerace
Arris
Vanilla
Smoke
Cycle Network
FLock.io
Quantstamp
TROUBLE PUNK: CYBER GALZ
Yooldo
Wellxy
OVERTAKE
ComputeDAO
ZEST
Uniquid Layer
Parlay Labs
Voxa
Fancy Bears Metaverse
The Gasino
Adot
Oasys,"$63,589,098","$342,228,121","$1,101,072","1,858,090,982","10,000,000,000","10,000,000,000"
Mereo
Dust Labs
y00ts
DeGods
Level
HAM 3D
SnakeLite
myco.io
Cicada
DAIS
Bellum Exchange
BreadnButter
Outgrid
OMIX
Unizen
ZenChain
Aspecta
Yona Network
Arcane Finance
Nubit
Trial Xtreme
Solayer
Aleo
SOON
Sky,"$1,306,053,869","$1,351,208,096","$128,254,058","877,684","908,029","1,005,577"
IMF
Nectar AI
BSCS
Ondo Finance,"$1,097,567,739","$7,636,211,402","$162,787,920","1,437,319,741","10,000,000,000","10,000,000,000"
USUAL
Aligned Layer
DegenPilot
PleasrDAO
Origami Finance
Eurite
3Base
BTA Protocol
henlo
Reservoir
Verio
Tfarm.io
Acorn Network
GE Protocol
Ambient
Prospera
Peridot Finance
Bolt
Viction,"$35,240,299","$75,065,776","$2,045,756","98,586,377","210,000,000","210,000,000"
pvp.trade
HyperLaunch
HyBridge
HyperLend
HyperSwap
Vegas HL
Liquid Start
Dynamyte
Unleash Protocol
Color
Superlend
Rewinds
Sweep
Play Solana
Soddle
Marble
Kagi
Castora
Bean Exchange
aPriori
SupaDao
Monad Pad
Monad
Sake
Guardian Validator
Wasabi Protocol
Limit Break
DegenDAO
Avail
Cove
Witness Chain
Ninjalerts
DUCAT
Shrapnel
Clearpool,"$171,147,711","$242,472,529","$2,709,903","705,843,717","1,000,000,000","1,000,000,000"
SatLayer
VOOI
Aggregata
Fanton Fantasy Football
Humans.ai
bio.xyz
Symbiote Network
district0x,"$28,448,023","$37,869,011","$568,616","751,221,716","1,000,000,000",∞
MEME FACTORY
SingularityNET,"$237,764,580","$324,487,164","$220,375","372,517,434","508,389,961","2,000,000,000"
SingularityDAO,"$21,618,914","$23,887,992","$271,287","90,501,179","100,000,000","100,000,000"
Credbull
DELV
Sygma
XYO Network,"$81,161,497","$81,161,497","$780,778","13,931,216,938","13,931,216,938","13,931,216,938"
BSX
ReflectionAI
Stability AI
Story Protocol
Nexus Interactive
Metabit Global
Yama Finance
AnotherBall
IZUMO
Geyser
GenLayer
Eclipse
Stalwart AI
YHunter
Status,"$103,167,462","$177,261,471","$4,697,855","3,960,483,788","6,804,870,174",∞
LocalCoinSwap
BlockGames
OlympusDAO,"$253,836,116","$346,356,182","$701,787","15,944,129","21,755,563","21,755,563"
Gummi
Drift Protocol
Soulbound
Rumble Arcade
OpSci
re:generates
Genitive Network
Vaultus Finance
Parsa
Candle Protocol
GAMEE,"$14,850,279","$34,899,871","$220,513","1,353,124,981","3,180,000,000","3,180,000,000"
WatCoin
KIP Protocol
TON.ski
Bounty Bay
Tradoor
DeDust.io
Storm Trade
EVAA Protocol
NAV
Toshi the Cat
CrunchDAO
Goldilocks
AGDEX
Metronome
Lore Finance
GEM Protocol
Satflow
Taproot Wizards
Rhinestone
Rivalz Network
Auto Legends
Sahara
Kokomo Games
Essential
Novig
SparkChain Network
dvts.network
Colossus Finance
gmon.fun
ByteBeasts
Score Predict
Nucleus
Ion Protocol
continuum
Televerse
Restore The Republic
Fit Club
375ai
Anyone Protocol
Quantlytica
Umoja
UniWorlds
Origin Protocol,"$66,477,953","$137,791,499","$42,294,287","680,097,347","1,409,664,846","1,409,664,846"
MonkeDAO
XAI,"$166,424,138","$302,434,978","$41,269,346","738,321,817","1,341,718,487","2,500,000,000"
Proof of Humanity
Maya Protocol
Duper
Curio
predict.fun
TonTon Games
Khalani Network
Code Canvas
Exchange.ART
Satspumpfun
stabble
The Banana Game
Modelex
Valhalla
XEI
Lockness
Pattern Finance
zkBTC
D3
Base Name Service
Spicenet
Moxie Protocol
Lotus Protocol
DuelNow
Chateau Capital
Radiants
EURC,"$93,532,719","$93,532,719","$24,198,959","87,322,903","87,322,903",∞
Investin
Flash.Trade
ORE
marginfi
Convergence
Rage Trade
MetaDAO
Daylight
Astria
Limitless
FirstBatch
MegaETH
We.Rich
LOUDER
Fairblock Network
aori
Smort
SynFutures
Asterix
sound.xyz
Access Protocol
Agent Exchange
Liquorice
BlonkFi
Okapi
STIX
HYDROGEN
Haust Network
IPX
Mariton
BitFi
Poodlana
Kuru
KINTSU
Yup,"$1,176,206","$2,072,103","$4,044","43,424,230","76,499,742",∞
Galaxy
Brat Summer
MahaDAO,"$5,986,796","$10,267,870","$186,166","5,772,305","9,900,000","10,000,000"
ZeroLend
Oraichain,"$99,947,747","$110,723,177","$2,730,447","16,572,019","18,358,659","19,779,272"
Router Protocol
Nimbus
FranklinDAO
1DFX
RiskLayer
dumpy.fun
Suilend
Save
PANDA TITAN
LedgerHedge
Hippo Swap
Aletheias Agora
Byzantine Market
Kattana
111PG
DeXe DAO Studio,"$496,819,425","$839,625,794","$1,503,271","57,103,248","96,504,599",∞
assisterr
The Bagel Network
Developer DAO
Aethir,"$229,268,351","$2,373,662,972","$87,302,009","4,056,713,543","42,000,000,000","42,000,000,000"
Onchain Heroes
Jade City
Network3
Abstract Chain
Wizardia
Tagzz
Crypto Stoics
B3
Over/Under
Mizzle
Bitdrome
CairoDAO
Tomb On Base
Moonshot
Movelend
Sportstensor
Narrative
GALNT Exchange
BYDED
Mycelium
starkfit
Shape Network
Oz Protocol
LEVR.bet
JOJO Exchange
Black Mirror Experience
Meso Finance
DUCATA
Buttercat
The Sink
Zivoe
Chainbase
Cypher
Magisat
Dub
Gwyneth
SNACK
Hermetica
SkyTrade
Stader Labs
Mira
Alkimiya
Ritual
RateX
GameCoin
KRANG AI
NILE,"$1,295,319","$3,714,372","$31,253","4,457,159","12,781,058",∞
NURI
Pharaoh
Cleopatra,"$251,166","$1,626,093",$5,"19,146","123,955",∞
Kingdom
RAMSES,"$1,692,313","$9,633,219","$11,791","136,649,417","777,854,770",∞
Mystiko,"$10,291,932","$29,748,128","$516,165","345,969,069","1,000,000,000","1,000,000,000"
BIMA
Akedo
Mines of Dalarnia,"$99,323,903","$127,969,304","$14,916,062","620,923,298","800,000,000","800,000,000"
Penguiana
Variance Poker
LMAO
weweswap
Verse
Madara
Utgard
Rain.fi
VALA
BlockLand
RISC Zero
7K Aggregator
Plend Finance
memegod
ZERϴ Network
Hyperplex
Upside Down Meme
RECRD
READYgg
Electronic Dollar,"$22,457,180","$22,457,180","$1,736,803","22,478,991","22,478,991",∞
SPARK
Lnfi Network
Baseline
ZAP
Pixelverse
Playgrounds
Soccerverse
jstz
Symbiosis Finance,"$6,961,222","$10,629,232","$511,895","65,321,769","99,741,145","100,000,000"
Quilibrium
Band Protocol,"$174,155,267","$184,039,215","$8,068,962","144,890,607","153,113,678",∞
Rising Revenant
Blob Arena
Volara
Matr1x,"$60,793,729","$150,907,958","$5,663,894","66,731,284","165,646,718","1,000,000,000"
The Forgotten Runiverse
Venly
GTE
Hook Protocol
Duality Labs
INK DAO
Aera
Everpedia
Skill Issue
Eternal Garden
C14
Yellow Hat DAO
RARI Chain
Storj,"$68,420,736","$202,234,721","$22,653,587","143,787,439","424,999,998",∞
BOB
VALDI
Idle,"$2,360,715","$3,564,260","$4,984","8,610,286","13,000,000","13,000,000"
Rome
Ripple,"$31,935,291,920","$56,148,943,900","$1,544,160,081","56,868,662,755","99,987,041,380","100,000,000,000"
Radix,"$18,686,673","$18,686,673","$234,240","1,140,203,171","1,140,203,171","24,000,000,000"
idOS Network
Genaire
AlphaFi
Futa Finance
KNN3
TypoX AI
Autonomys Network
Lendasat
Hetu
Morphic
Pirate Nation
Harmonix Finance
HashKey Chain
Buttonwood
Heroglyphs
Poolside
Ampleforth,"$144,962,025","$164,451,672","$1,033,935","104,089,211","118,083,648",∞
SPOT
Spexi
Sumer.Money
Meter,"$224,006","$224,006","$3,934","391,721","391,721",∞
VIV3
Shadow
Storacha Network
Babypie
Mellow
Astherus
Layer2
Mizu
Bit2
Flare Network
Music Protocol
BorpaToken
Gorples Coin
Blaze Network
244466666
Henez Finance
aprol
Spice Protocol
salvium
Dar Open Network
Chromia
My Neighbor Alice,"$103,267,962","$112,146,203","$21,507,793","92,083,333","100,000,000","100,000,000"
XOOB
Plaza Finance
Pac Finance
PONKE
WELL3
AlphaX
Thunderhood
Axonum
ForestBear
LineHub
Preon Finance
Swords & Dungeons
DeFund
Mineral Vault
LDX Network
Nudge
Vest Exchange
Sonic
GM Network
Delysium
Compute Labs
Open Campus
Pandiana
JupiterDAO
Truth Inu
Ethos Network
Cambria
Wolves DAO
NAVAIX
XODEX
TonLayer
Sensys
Fiamma
EtherFi,"$339,696,587","$1,636,697,168","$246,097,500","207,550,055","1,000,000,000","1,000,000,000"
Openledger
Fractal Bitcoin
CrossX
Nubila Network
SuperBoring
SunEx
Infomon
Pi Squared
OpenLedger
MonkeyBit
G.AI.B
MACH10
Flex
Switchboard
Atomic.Finance
DRiP
FastLane Labs
Orb Labs
0G
Lita
Forma
Cyber
blnk.fun
Cluster Protocol
Beradrome
Beracana
Flashboys
Datalayer
Lingo
InceptionLRT
U2U Network
Blast,"$195,647,727","$888,198,308","$180,897,062","22,027,482,500","100,000,000,000","100,000,000,000"
Tomarket
Encifher
HyperNest
ApeBond,"$1,209,434","$2,113,077","$14,402","260,882,041","455,803,143","650,000,000"
Lynex
Fenix Finance
Reserve,"$401,920,302","$764,700,098","$22,543,377","52,559,206,228","100,000,000,000","100,000,000,000"
Gevulot
Shutter Network
Jutsu World
trenches
doodle world.
StarkSwirl
Astra
Mindshare Market
Tokapi
Blever
Mocaverse
Bluefin
iAgent Protocol
MultiFarm
Magpie XYZ,"$33,824,546","$85,155,063","$80,550","397,211,216","1,000,000,000","1,000,000,000"
ORA
TileVille
Perena
Magic Beans
Variance Poker
Mode
Conduit
GolfN
NovaNet
Elfin Metaverse
Enso
Humanity Protocol
Cardano,"$18,429,495,046","$23,192,711,498","$1,385,418,547","35,758,099,140","45,000,000,000","45,000,000,000"
OLM
Doubler
Llama Land
Karrot
Genesis
Provably
Bolt Global
Pivotal+
Allora Labs
Swarm,"$19,214,043","$36,786,843","$175,021","82,545,900","158,040,819","250,000,000"
Legends of SOL
Runepunk Legends
TABI
Wire Network
RAIRprotocol
Inferno
ceti AI
Reality.eth
Backstop Layer 2
Universal
dTRINITY
Light Finance
Bunker Base
Directly
General Protocols
Wormhole,"$695,341,332","$2,554,320,460","$245,011,476","2,722,216,505","10,000,000,000","10,000,000,000"
XTERIO
Schelling AI
zkPass
MINE Network
damex.io
Fuzion
Kujira
Seatlab
Wisdomise
verida,"$2,751,036","$14,346,710","$36,228","191,753,818","1,000,000,000","1,000,000,000"
Sipher Odyssey
Capytal War
Farworld
Gudchain
Saltwater Games
ZKX
Utopia
Ordinox
Simple Ton Coin
GALLERY
Moshicam
Combinder
inshAllah
Swapsats.io
Valence
Anduro
Dricity
Tau Finance
Nanon Network
Sonaric Network
Holdium
Bondex
Rango Exchange
Morpho Labs
EntityC
JuiceUp
evire
COREx
Core DAO
Kinode
Flap
Solidly Labs
Memebox
time.fun
Solera Finance
Outstrip
LORENZO
KeplerHomes
FoMoney
JogoJogo
Rage Effect
LumiTerra
Renzo,"$70,270,934","$418,697,108","$19,358,968","1,678,323,855","10,000,000,000","10,000,000,000"
Koii Network
Drop
STRKFarm.xyz
OpenmoneyDAO
zkSync,"$521,554,339","$2,980,310,507","$122,788,554","3,675,000,000","21,000,000,000","21,000,000,000"
Artfi
Vela Exchange,"$487,195","$1,012,971","$387,585","16,833,483","35,000,000","50,000,000"
royal
VALHALLA
D-Drops World
StarNest
Last Network
Starbase
Starbase
ZK bank
EON
Neva
Mansa Finance
Operation Liquidity
tapswap
Noma Protocol
Bubblewars.io
Elys Network
SIDUS
PrivateAI
Chappyz
Glyph Exchange
STAGE
Inverter Finance
Carv,"$139,568,437","$980,368,436","$250,279,767","142,363,250","1,000,000,000","1,000,000,000"
Nexus Network
OMNIA Protocol
Copra
MEV Protocol
Playible
Honeyflow Finance
Graffiti
MoonInc
Qiro Finance
DAY Protocol
NFTPerp
Particle
TARS AI
Project Chosen
Sweety.AI
AILayer
Optopia
Domin Network
XEON Protocol
DOJO
Bitmind
ClearPath
Nous AI
CheeseChain
REVOX
Genomes
Gear
Layer3
IoTeX,"$394,362,138","$394,362,138","$20,204,134","9,441,369,060","9,441,369,065","10,000,000,000"
Irys
Holdstation
Skytopia
codatta
Unite
Ava Protocol
Symbiotic
StratoVM
StarLand.AI
Honeycomb Protocol
Zero-G Finance
Orbital7
BubbleFong Friends
Ink Finance
Ape Terminal
Nexus Labs
Bitball
Zellular
Teneo Protocol
Franklin Finance
Allstake
HOPR
Nex Protocol
Achiev3
Byzantine
BinLayer
SOFA.org
Huddle
Ring Protocol
Duo Exchange
Stader Polygon,"$44,236,644","$115,412,605","$15,222,480","45,994,953","120,000,000","150,000,000"
sizl
Folks Finance
Bless
Airchains
EigenDA
EigenYields
Gasp
EigenElephant
Restake Finance
YieldNest
AutoLayer
xAlliance
Lift Dollar
Zizle
XOCIETY
Glacier
Fungify
Polkindex
Nealthy
Axia,$599,"$3,591",$1,"630,408","3,778,035",∞
Hawksight
Synchrony
Rope
Onyx
APYSwap
Big Data Protocol,"$205,177","$205,177","$1,208","18,000","18,000","18,000"
yAxis
Minswap
B.Protocol
RAMP DEFI,"$31,505,302","$76,662,364","$3,058","410,961,782","1,000,000,000","1,000,000,000"
Baton
Hydro Protocol
Orion Protocol,"$37,687,433","$109,451,257","$274,138","34,433,074","100,000,000","100,000,000"
Balancer,"$129,725,058","$140,581,812","$10,818,310","60,701,573","65,781,718","96,150,704"
alphadex
Liquid Finance
Liquid Driver,"$2,611,573","$2,611,573","$35,369","10,177,135","10,177,135",∞
LiquiDeFi
Thruster
XSwap Protocol
Gull Network
Napier
Infrared
Kodiak
Pendle,"$898,086,724","$1,419,800,685","$189,778,215","163,478,543","258,446,028","258,446,028"
Yearn,"$184,448,896","$201,465,285","$23,968,278","33,569","36,666","36,666"
GMCI
NFTX
Camelot Protocol
Poolz,"$72,912","$80,269",$16,"4,534,710","4,992,280","4,992,280"
SynonAI
Master Protocol
TENET
Cadence
Cluster
Agility
Sable Finance
LSDai
LSDx Finance
BBL
Pebble City
Sigil Protocol
Spellborne
SinSwap
NightMarket
M^ZERO Labs
Mythos,"$146,483,242","$199,260,912","$2,159,349","735,132,851","1,000,000,000","1,000,000,000"
uPow.ai
Goose Agent
Amorphic AI
Circuit
Suzaku
DOPP
Dunes
Guru Network
MINERAL
LFGO
GT Protocol
FreeBnk
Redbelly
Kima
ZyFi
Natix Network
Shieldeum
UNKJD,"$13,072,782","$20,901,811","$102,712","625,437,750","1,000,000,000","1,000,000,000"
TIME RAIDERS
Fhenix
stashh
Solnarize
Bridgg
Ruby Protocol
RIZE
Bandplay
AIR
Event Horizon
Bazaar AI
Gilded Honor
Heiko
HELIX
Base.Tube
EarnOS
Ordict
RealtyX
Song Protocol
Lucidly
Mittaria
aZen Protocol
RoverBTC
Hikari
Anvil
QUILSON
sentient
VinuChain
ZwapX
BitNote
UpRock
HALL
Ceramic
Streamr
0xAstra
Fluence
Reppo Network
Jasmy,"$1,030,881,475","$1,064,520,317","$141,201,562","48,419,999,999","50,000,000,000","50,000,000,000"
Based USA
Plural Energy
TRALA
NexGami
Mint
POWD3R Blockchain
Ritsu
Syrup.fi
ModeMax
Uprising Blockchain
Avex Defy
HYCHAIN
Kingdomly
Avex ID
AQTIS
Adrena
Mantis
Henlohaven
BeraCasino
SeiPort
Avant
AZUKI
HYTOPIA,"$7,963,734","$72,538,236","$60,624","548,933,562","5,000,000,000","5,000,000,000"
DefiCliq
Kuroro Beasts
Pakt
beoble
MetaToken
ApeCoin,"$787,339,129","$1,091,330,473","$272,548,836","721,448,863","1,000,000,000","1,000,000,000"
charge.xyz
XMAQUINA
BoneBone
Smart Transactions
Aperture,"$612,582","$6,739,071","$76,199","90,900,000","1,000,000,000","1,000,000,000"
Intella X
Song of Rising
DeFi.Money
BAXUS
GaiaNet.AI
Parasail
DAIN
Molecule
Perpetual Protocol,"$50,828,879","$105,004,077","$15,889,481","72,609,864","150,000,000","150,000,000"
BAMK
HMX
Magic Batch
PolyTrade
NeuraCloud
Quantum Cloak
pump.fun
Rootlets
Anzen Finance
Ceres Finance
Otim
NovaSwap
BaseJump
X Layer
StationDEX
GFX Labs
ioBanker
Free Space
Moebius Finance
RA Exchange
Etherlink
Oasis AI
Glyph
Neural
NeuroMesh
Flow Network,"$882,582,211","$882,582,211","$58,593,675","1,543,309,837","1,543,309,837",∞
Splice Finance
Yoyo
Deworker AI
Mamba
CerboAI
Wenwin
pwdr
MANTRA Chain
Samurai Starter
RunesFi
Puffpaw
MetaLeX
Notcoin,"$804,742,944","$804,742,944","$792,599,938","102,456,957,534","102,456,957,534",∞
MultiVM
Spin
Feature
SELLOUT
LuminAI
Inertia
pachinko
Foldr AI
SOON
Yei Finance
Influence
Emet
SocialTensor
MYSO Finance
Venus,"$122,485,083","$221,909,040","$7,889,620","16,418,133","29,745,110","30,000,000"
CapybaraDEX
Omni Network
Polyhedra Network
Initia
cascdr
Impossible Cloud Network
zkVerify
MUA
Elixir Games
friendzone
Aria
Unidentified.
UniTap
Tap Protocol
SaitaChain
DEGEN WARS
Odin Protocol
dMarqt
Neova
Catalist
Iron
Archly
NEAR AI
OXY
Nomial
StripChain
WeatherXM
Dope Wars
Kelp
Atlas Protocol
Giveth
Brokkr
KaiaSwap
Marginal
Pandora
Nexis Network
YAY Network
Acquire.Fi
RunesTerminal
Aevo,"$313,885,562","$355,720,739","$119,311,992","882,393,201","1,000,000,000","1,000,000,000"
BoxBet
ao
Outcome
Anqa
DILL
Popset
Botanix
Blockless
ELFi Protocol
Thala Labs
Nibiru
Nomic
Kiln
Mars Protocol
Carbon
Switcheo Network
Demex
Levana Protocol
Kinza Finance
Injective Protocol
B-Harvest
Forbole
Flash Protocol
DoraFactory,"$246,426","$480,307","$28,801","5,130,580","10,000,000","10,000,000"
B² network
AXELAR,"$656,272,573","$920,005,051","$24,856,843","838,854,873","1,175,960,647",∞
Comdex
Bison Labs
Stroom Network
Persistence,"$38,416,763","$38,580,608","$359,847","215,697,922","216,617,858","403,308,352"
Yala
Viacoin
Tanssi Network
Solv Protocol
QED Protocol
Side Protocol
pSTAKE
Ankr,"$279,060,106","$279,060,106","$26,241,960","10,000,000,000","10,000,000,000","10,000,000,000"
Akash
Terminal 3
alloc8
TrustIn Finance
re.al
Arcana
Vessel
FantaGoal
IBX
Etched Network
Degen Fund
BorgPad
FICT ZERO
PIXI
MultiAdaptive
Popsicle Network
SHOWTIME
NucleusDAO
Rayls
Nethermind
Kakarot
StarkNet,"$963,432,567","$4,588,964,910","$147,303,697","2,099,455,075","10,000,000,000","10,000,000,000"
Starknet Quest
Starknet ID
KaizenDAO
AVNU
Carbonable
Focus Tree
AdamSwap
Scalr DEX
Sauce
Urani Labs
Stably
Pokerr
Paraton
Veda
Boost
Ribus
dappmon
Multipool
ROYALE
Zenon,"$10,462,012","$10,462,012","$4,912","11,625,587","11,625,587","90,071,993"
BeraTone
New Order
InternDAO
STON.fi
Pencils Protocol
CROSS THE AGES
Gamic
Re
Dexponent
Piggi.ai
Aloha Protocol
POMO Network
Unibase
QuantoSwap
Anomaly
Hubble
Fuel
Swaylend
Zeta Markets
Circular Protocol
Sekuya
VictoryChain
Baby Shark Universe
Creditcoin
TheoriqAI
ChainML
AlgoRai
Zest
UXLINK
Legend of Arcadia
Last Odyssey
SoMon
OpenSocial
Zeek Network
Gold Farmers
Nut Up
Phoenix
Pacmoon
blastoadz
FoundersHUB DAO
StakedGain
10Planet
BULK
BAC Games
Euclid Protocol
Secure Shares
Glacis
TLX
Aleph Zero,"$99,273,785","$170,757,451","$763,735","302,314,000","520,000,000","520,000,000"
AgriDex
Bladerite
Telos,"$99,196,665","$99,196,673","$17,542,490","419,999,963","420,000,000",∞
Civitia
Unchained
Spawn Point
rug.fun
GoMining
sophon
SlingShot DAO
NuLink
Electron Labs
XSwap
Matera
Alaya AI
TWIN Finance
Futaba
AnotherUs
gm.ai
Aso Finance
FRENS
Injera
Artgene
K3N
Merit
Parami
Ambient Network
ZKM
Blade of God X
Galaxis
blockmesh
Myro
Cipher
Rakurai.io
MetaPhone
Venom Network
Ventory
Amphor
BNB Chain,"$92,726,884,061","$92,726,884,061","$1,574,930,379","145,887,576","145,887,576","200,000,000"
Project GOAT
Nektar Network
Eywa
CrossCurve
Flamingo DAO
Flowty
The Open Phone
Sparkling Finance
Hades Network
Crestal
Atlendis Labs
Kiosk
Redstone Market
Tether,"$123,267,369,820","$123,267,369,820","$52,172,788,318","123,200,981,217","123,200,981,217",∞
Ethos
Mitosis
SHADOW WAR
Bedrock
Bedrock
Streamz
Momentum
MetaStreet
EthStorage
QuarkChain,"$62,662,622","$88,802,366","$3,522,921","7,056,413,524","10,000,000,000",∞
Hydra Ventures DAO
MON Protocol
Espresso Systems
Pioneer
Blade Games
GnosisDAO
Backed Finance
X10 Exchange
STYLE Protocol,"$807,325","$889,178",$259,"835,310,095","920,000,000","920,000,000"
Etchings
TNA Protocol
Sarma Protocol
Titan Relay
Optix Protocol
Astra Nova
PredX
Bazaars,"$86,177,236","$4,101,682,920","$234,485","11,672,341","555,555,555","555,555,555"
SYNBO Protocol
REI Network
Metale Protocol
Games for a Living,"$18,353,186","$116,336,033","$694,376","1,577,601,168","10,000,000,000","10,000,000,000"
Bull Run Bets
Memelympic
World PvP
EIDON AI
WOW3
Trugly
BEVM
BVM Network
Chakra
Parallel,"$360,168,558","$807,175,232","$11,288,422","49,578,737","111,111,111","111,111,111"
BetFury
Sugartown
DARKTIMES
sqrDAO
Paradise Tycoon
Staex
L3E7
OpenDelta
OpenServ
Mozaic
Creator.Bid
Engines of Fury,"$1,377,811","$16,711,504","$1,926,631","9,893,622","120,000,000","120,000,000"
SNACKCLUB
Anichess
Atem Network
InfiniGods
Moso
The Colony
Puffverse
Tevaera
Seijin
BetBase
Project Mirage
DRIFT
PairedWorld
The LAO
RED DAO
NEONDAO
Spaceship DAO
Molecule
VitaDAO
ixo
Kinto
Thunder
Frok
RuneVM
Y8U.AI
CharacterX
Clique
Convex Finance,"$171,578,255","$208,795,907","$40,714,450","81,990,704","99,775,600","100,000,000"
Kahuna
DXdao,"$1,965,231","$1,965,231",$246,"23,469","23,469","23,469"
SHIBA,"$13,497,066,633","$22,905,011,006","$2,589,666,647","589,252,208,001,368","999,982,342,556,069",∞
See3
TeleportDAO
INK
DeGaming
OPEN
RUNEMILIO
Euclid Swap
Ranger
Michi Protocol
1INTRO
Bloom Protocol
Only Eight Users
Elixir Protocol
partyhatDAO
XDC Network
STASIS
SuperRare
Deadfellaz
States DAO
Cape
Circle of Games
DLC.Link
Hailstone Labs
Lambda Finance
SpartaDex,"$3,514,997","$3,514,997","$25,308","39,720,896","39,720,896","39,720,896"
AITECH
Metakraft
Stacked
RUNES DEX
Merlin Starter
Blocjerk
StableUnit
ZK Email
REBASE
Zeko
Defispot
Centrifuge,"$174,567,640","$192,248,142","$951,042","504,846,345","555,978,023",∞
Ord.io
Kalpha DAO
Aark Digital
Azos Finance
sigmoid
Agora
Arclight Games
MIXMOB
Saakuru,"$3,952,128","$6,129,875","$497,177","643,879,271","998,676,899","1,000,000,000"
Mezo
tBTC
Threshold Network
MissionDAO
Pixelmon
Owl Protocol
Bu Zhi DAO
Seascape
Blocklords
Homium
CVEX
Sending Network
Tezos,"$722,644,790","$737,296,217","$30,412,334","1,011,627,479","1,032,137,952",∞
Autonomous Finance
AI Arena
RWA Inc.
Arcade,"$176,044","$1,417,726","$5,469","12,417,375","100,000,000","100,000,000"
Hyperbolic
Omron
BENQI
EZKL
Ingonyama
TokenSoft
YAI
Superseed
KIKI World
pepe,"$4,805,492,340","$4,805,492,340","$3,345,089,923","420,690,000,000,000","420,690,000,000,000","420,690,000,000,000"
Rho Markets
Ebunker
Inscribe
Komputai
NavyAI
Swiss Founders Fund
Kage Finance
Black Panther
Alme Mater
Certo
Klok
AlfaDAO
OpenSquare
Multisynq
Crush Protocol
ScribbleDAO
Zero1
Seraphnet
OpClouds
DiceDashGG
JustWIF
Point.Market
Oh
Mayan Finance
Bonk!,"$1,600,906,264","$2,138,825,116","$371,796,792","69,474,461,693,558","92,818,503,494,996","92,818,503,494,996"
Wen,"$97,047,246","$97,047,246","$29,319,945","727,653,554,394","727,653,554,394","1,000,000,000,000"
Tensor,"$59,460,466","$475,683,725","$84,240,409","125,000,000","1,000,000,000","1,000,000,000"
azuro
PLAYTRON
Oxalus
ZKEX
Uplink
ritestream
SOLSTORM
Bored Slot
Veremark
Fortunafi
Jigsaw
Decubate
Aizel Network
LILLIUS
DerpDEX
Forgotten Runes Wizard's Cult
Yield Guild Games,"$197,599,391","$512,361,558","$85,175,632","385,626,167","999,901,989","1,000,000,000"
Celosphere
Destra Network
Everyworld
Quai Network
Fuel On Blast
The Lords of Light
Lilypad
Mecka.AI
Amino Rewards
QuantAMM
Zero1 Labs
OrdiGen
MadFi
Bonsai
Digits DAO
SendingMe
Today
SeeDAO
The Next GEM
ZeroSum
Nuklai
Blast Disperse
Spotlight
WATCHES.IO
Unstable Protocol
Sustainable Bitcoin Protocol
Spaces Protocol
Plato
Grove
Aarc
r/datadao
Hyle
Self Chain
Nitrofinance
Planet Mojo
LightLink
Zulu Network
Spirit DAO
bythen
Sofamon
YoungProtocol
Photon
SatoshiSync
DeepLink
PrismaStake
MetaDOS
Gomble Games
SOAI
Hopae
Agora
Coadjute
Moongate
SOLOCKER
Pivot Global
Merkle Trade
First Digital Labs,"$2,344,901,940","$2,344,901,940","$5,853,659,832","2,346,860,662","2,346,860,662",∞
Vaire Computing
MINTangible
peaq
ALIENX
Mangrove
golem,"$328,259,784","$328,259,784","$32,903,858","1,000,000,000","1,000,000,000",∞
Gyroscope
Worldcoin,"$1,332,049,285","$21,267,088,017","$714,728,698","626,343,054","10,000,000,000","10,000,000,000"
Midas
METROPOLIS
Taproot Chain
Juice Finance
OMEGA
BloodLoop
Hive
Neura Protocol
Ninety Eight,"$116,189,341","$134,907,817","$15,005,978","861,249,880","1,000,000,000","1,000,000,000"
FOAM,"$2,243,828","$6,314,152",$188,"355,364,948","1,000,000,000","1,000,000,000"
Karrier One
REALLY
Nodle.io
Roam
MetaBlox
MyPrize
Satoshi Protocol
Gameplan
AIET
GraphLinq
friesDAO
Botto
GAM3S.GG
Wombat Exchange,"$1,181,438","$4,893,974","$69,623","241,406,663","1,000,000,000","1,000,000,000"
Rollie Finance
Sentz
QnA3.AI
OpenStamp
FantomStarter,"$98,459","$1,469,534","$8,542","67,000,000","1,000,000,000","1,000,000,000"
SAVAGE
Nebula Revelation
Bit islands
Succinct Labs
Castle Of Blackwater,"$452,205","$6,050,757","$58,294","7,473,528","100,000,000","100,000,000"
Haraka
Euler
EarlyFans
Spice Finance
Ramen Finance
Nexus Mutual,"$239,256,177","$239,256,177"
MarsDao
Umoja Finance
Carrieverse
GRVT
Bitbrand
ZKasino
Tenet
YOLO Games
Crystals Of Naramunz
Tuna Network
BOMO
IndexAI
Openswap
Ordify
R Games
Native Labs
WASSIE
Cyborg DAO
Immunefi
Ten
Web3PORT
Avalon Finance
mmERCH
MadWorld
MADworld
Meson Network
Unlockd
Pixel To Poly
BitReamls
Nyan Heroes
Nut Market
Wolf Game
Pallet Exchange
HyperZone
SHUI
APhone
DeMR
Munchables
OrangeDX
Solak
IguVerse
Privasea
MetalCore
TREX20
Stakeland
Memecoin
Memeland
Architex
SnowSeed
Buidlers Tribe
Shentu Chain
Chirp
plutoverse
Cornucopias
JuicyPerp
Levex
My Pet Hooligan
CreatorDAO
Kaskade Finance
Allora
Zeus Network
ρRHO
Alien Finance
Closed AI
masa
GLIMMER
FingerprintsDAO
Derivio
Cellula
The Genesis Project
Loot
Nifty's
NeoSwap AI
Ryzz.tv
XLink
Merlin Chain,"$155,116,675","$668,225,674","$24,417,128","487,477,554","2,100,000,000","2,100,000,000"
Blackwing
Teritori
VaultEscrow
USDV
squid
SX Network
Steel DAO
OKP4
HYPERCOMIC
ChronoForge
Chi Protocol
Gearbox Protocol
Hedgehog Protocol
cheqd
Catalyst
Regen Network
Lava Network
LexDAO
Cometh
Polymer
Soarchain
Nym
Nolus
Keplr Wallet
Swift Protocol
FortyTwo
Quicksilver Protocol
